Datetime,Water Level (m)
2025-02-19 12:00:00,-0.6964881
2025-02-19 13:00:00,-0.7854606
2025-02-19 14:00:00,-0.744237
2025-02-19 15:00:00,-0.5098261
2025-02-19 16:00:00,-0.2095172
2025-02-19 17:00:00,0.0444598
2025-02-19 18:00:00,0.20735845
2025-02-19 19:00:00,0.19789273
2025-02-19 20:00:00,0.058961723
2025-02-19 21:00:00,-0.24431807
2025-02-19 22:00:00,-0.58078444
2025-02-19 23:00:00,-0.8567152
2025-02-20 00:00:00,-0.9244334
2025-02-20 01:00:00,-0.9720091
2025-02-20 02:00:00,-0.94499815
2025-02-20 03:00:00,-0.7383759
2025-02-20 04:00:00,-0.45388812
2025-02-20 05:00:00,-0.2110141
2025-02-20 06:00:00,0.02683135
2025-02-20 07:00:00,0.16394158
2025-02-20 08:00:00,0.1843943
2025-02-20 09:00:00,0.058220945
2025-02-20 10:00:00,-0.149744
2025-02-20 11:00:00,-0.36329943
2025-02-20 12:00:00,-0.51844543
2025-02-20 13:00:00,-0.61235327
2025-02-20 14:00:00,-0.62106204
2025-02-20 15:00:00,-0.5591165
2025-02-20 16:00:00,-0.4066644
2025-02-20 17:00:00,-0.24028826
2025-02-20 18:00:00,-0.11716497
2025-02-20 19:00:00,-0.035650704
2025-02-20 20:00:00,-0.05078677
2025-02-20 21:00:00,-0.17886141
2025-02-20 22:00:00,-0.39272434
2025-02-20 23:00:00,-0.60830563
2025-02-21 00:00:00,-0.78056514
2025-02-21 01:00:00,-0.85488105
2025-02-21 02:00:00,-0.89545137
2025-02-21 03:00:00,-0.8274551
2025-02-21 04:00:00,-0.66149086
2025-02-21 05:00:00,-0.4520554
2025-02-21 06:00:00,-0.26438475
2025-02-21 07:00:00,-0.07910203
2025-02-21 08:00:00,0.041437503
2025-02-21 09:00:00,0.08116134
2025-02-21 10:00:00,0.01309007
2025-02-21 11:00:00,-0.12751488
2025-02-21 12:00:00,-0.2734283
2025-02-21 13:00:00,-0.3730726
2025-02-21 14:00:00,-0.47741473
2025-02-21 15:00:00,-0.5332632
2025-02-21 16:00:00,-0.51172614
2025-02-21 17:00:00,-0.425284
2025-02-21 18:00:00,-0.34550598
2025-02-21 19:00:00,-0.28296798
2025-02-21 20:00:00,-0.2306535
2025-02-21 21:00:00,-0.2318343
2025-02-21 22:00:00,-0.3104113
2025-02-21 23:00:00,-0.41811964
2025-02-22 00:00:00,-0.5319809
2025-02-22 01:00:00,-0.6475827
2025-02-22 02:00:00,-0.7361869
2025-02-22 03:00:00,-0.80122095
2025-02-22 04:00:00,-0.7953342
2025-02-22 05:00:00,-0.7001377
2025-02-22 06:00:00,-0.53224516
2025-02-22 07:00:00,-0.36538953
2025-02-22 08:00:00,-0.16985762
2025-02-22 09:00:00,0.0028329513
2025-02-22 10:00:00,0.09435544
2025-02-22 11:00:00,0.075602114
2025-02-22 12:00:00,-0.0085775275
2025-02-22 13:00:00,-0.11004874
2025-02-22 14:00:00,-0.2472959
2025-02-22 15:00:00,-0.3761844
2025-02-22 16:00:00,-0.51291054
2025-02-22 17:00:00,-0.5650353
2025-02-22 18:00:00,-0.58664554
2025-02-22 19:00:00,-0.55731136
2025-02-22 20:00:00,-0.46534133
2025-02-22 21:00:00,-0.35175008
2025-02-22 22:00:00,-0.28601193
2025-02-22 23:00:00,-0.25911668
2025-02-23 00:00:00,-0.30289152
2025-02-23 01:00:00,-0.39334485
2025-02-23 02:00:00,-0.5122094
2025-02-23 03:00:00,-0.6453703
2025-02-23 04:00:00,-0.77781427
2025-02-23 05:00:00,-0.8510173
2025-02-23 06:00:00,-0.8030127
2025-02-23 07:00:00,-0.6553709
2025-02-23 08:00:00,-0.47274938
2025-02-23 09:00:00,-0.2305036
2025-02-23 10:00:00,0.040765904
2025-02-23 11:00:00,0.1896175
2025-02-23 12:00:00,0.2221925
2025-02-23 13:00:00,0.19159183
2025-02-23 14:00:00,0.06847821
2025-02-23 15:00:00,-0.16153452
2025-02-23 16:00:00,-0.3918532
2025-02-23 17:00:00,-0.62494123
2025-02-23 18:00:00,-0.7810101
2025-02-23 19:00:00,-0.8146443
2025-02-23 20:00:00,-0.7505308
2025-02-23 21:00:00,-0.59669983
2025-02-23 22:00:00,-0.38131174
2025-02-23 23:00:00,-0.1883091
2025-02-24 00:00:00,-0.091840886
2025-02-24 01:00:00,-0.11287822
2025-02-24 02:00:00,-0.21745458
2025-02-24 03:00:00,-0.41275576
2025-02-24 04:00:00,-0.65964556
2025-02-24 05:00:00,-0.8993378
2025-02-24 06:00:00,-0.98074305
2025-02-24 07:00:00,-0.94417876
2025-02-24 08:00:00,-0.79385066
2025-02-24 09:00:00,-0.52686185
2025-02-24 10:00:00,-0.17330457
2025-02-24 11:00:00,0.17407596
2025-02-24 12:00:00,0.36054054
2025-02-24 13:00:00,0.43015048
2025-02-24 14:00:00,0.3810782
2025-02-24 15:00:00,0.162527
2025-02-24 16:00:00,-0.19845398
2025-02-24 17:00:00,-0.5388589
2025-02-24 18:00:00,-0.8886405
2025-02-24 19:00:00,-1.0401152
2025-02-24 20:00:00,-1.0308632
2025-02-24 21:00:00,-0.8512845
2025-02-24 22:00:00,-0.57413435
2025-02-24 23:00:00,-0.25190163
2025-02-25 00:00:00,0.0134719545
2025-02-25 01:00:00,0.15999065
2025-02-25 02:00:00,0.09695085
2025-02-25 03:00:00,-0.06966892
2025-02-25 04:00:00,-0.37388265
2025-02-25 05:00:00,-0.740393
2025-02-25 06:00:00,-1.0765096
2025-02-25 07:00:00,-1.1840549
2025-02-25 08:00:00,-1.1150509
2025-02-25 09:00:00,-0.848416
2025-02-25 10:00:00,-0.47336903
2025-02-25 11:00:00,-0.020869516
2025-02-25 12:00:00,0.42320293
